01/09/2005,5.008131092,2000
02/09/2005,5.011903474,1999
03/09/2005,5.01914651,1998
04/09/2005,5.018898036,1997
05/09/2005,5.020227633,1996
06/09/2005,5.028167006,1995
07/09/2005,5.023125862,1994
08/09/2005,5.025784998,1993
09/09/2005,5.024624458,1992
10/09/2005,5.029228048,1991
11/09/2005,5.038454283,1990
12/09/2005,5.041207726,1989
13/09/2005,5.03354033,1988
14/09/2005,5.025712908,1987
15/09/2005,5.030846619,1986
16/09/2005,5.038343352,1985
17/09/2005,5.032784774,1984
18/09/2005,5.024868452,1983
19/09/2005,5.023406988,1982
20/09/2005,5.014321128,1981
21/09/2005,5.0174846,1980
22/09/2005,5.021581509,1979
23/09/2005,5.023313587,1978
24/09/2005,5.014818885,1977
25/09/2005,5.024740859,1976
26/09/2005,5.030266428,1975
27/09/2005,5.024446874,1974
28/09/2005,5.032541907,1973
29/09/2005,5.040528925,1972
30/09/2005,5.038537134,1971
01/10/2005,5.043665227,1970
02/10/2005,5.0450452,1969
03/10/2005,5.040482074,1968
04/10/2005,5.044112737,1967
05/10/2005,5.045160846,1966
06/10/2005,5.036628235,1965
07/10/2005,5.043616542,1964
08/10/2005,5.037595217,1963
09/10/2005,5.034639841,1962
10/10/2005,5.031351386,1961
11/10/2005,5.026700869,1960
12/10/2005,5.023553838,1959
13/10/2005,5.028625489,1958
14/10/2005,5.024038663,1957
15/10/2005,5.023113614,1956
16/10/2005,5.026262746,1955
17/10/2005,5.02582956,1954
18/10/2005,5.018536359,1953
19/10/2005,5.008640419,1952
20/10/2005,5.017136861,1951
21/10/2005,5.017456704,1950
22/10/2005,5.017544351,1949
23/10/2005,5.017140458,1948
24/10/2005,5.016526933,1947
25/10/2005,5.011320302,1946
26/10/2005,5.007900901,1945
27/10/2005,5.012620567,1944
28/10/2005,5.006975366,1943
29/10/2005,4.999564219,1942
30/10/2005,5.009514343,1941
31/10/2005,5.012587869,1940
01/11/2005,5.021863072,1939
02/11/2005,5.013328729,1938
03/11/2005,5.022818047,1937
04/11/2005,5.019403644,1936
05/11/2005,5.015804684,1935
06/11/2005,5.015605324,1934
07/11/2005,5.010604359,1933
08/11/2005,5.001264477,1932
09/11/2005,4.999640714,1931
10/11/2005,5.00666445,1930
11/11/2005,4.996948473,1929
12/11/2005,5.005537814,1928
13/11/2005,5.0066266,1927
14/11/2005,5.0086685,1926
15/11/2005,5.003342259,1925
16/11/2005,5.001014516,1924
17/11/2005,5.006325097,1923
18/11/2005,5.005663082,1922
19/11/2005,5.013108843,1921
20/11/2005,5.004320374,1920
21/11/2005,5.00339619,1919
22/11/2005,4.995854344,1918
23/11/2005,5.001448643,1917
24/11/2005,5.003473841,1916
25/11/2005,5.010987651,1915
26/11/2005,5.012417572,1914
27/11/2005,5.018921261,1913
28/11/2005,5.022515382,1912
29/11/2005,5.013960282,1911
30/11/2005,5.009833614,1910
01/12/2005,5.011836975,1909
02/12/2005,5.00223623,1908
03/12/2005,5.011691542,1907
04/12/2005,5.015514467,1906
05/12/2005,5.019100201,1905
06/12/2005,5.014733131,1904
07/12/2005,5.01306287,1903
08/12/2005,5.012096339,1902
09/12/2005,5.01580831,1901
10/12/2005,5.008893523,1900
11/12/2005,4.999696424,1899
12/12/2005,5.007799017,1898
13/12/2005,5.006791146,1897
14/12/2005,5.0091506,1896
15/12/2005,4.999203986,1895
16/12/2005,4.991809888,1894
17/12/2005,4.998071423,1893
18/12/2005,4.989888699,1892
19/12/2005,4.991631894,1891
20/12/2005,4.992135791,1890
21/12/2005,4.989478338,1889
22/12/2005,4.99063813,1888
23/12/2005,4.999081647,1887
24/12/2005,4.990324406,1886
25/12/2005,4.981313388,1885
26/12/2005,4.988937878,1884
27/12/2005,4.985682571,1883
28/12/2005,4.994005071,1882
29/12/2005,4.989169784,1881
30/12/2005,4.986292642,1880
31/12/2005,4.990849949,1879
01/01/2006,4.981073095,1878
02/01/2006,4.985061946,1877
03/01/2006,4.987993516,1876
04/01/2006,4.978300828,1875
05/01/2006,4.973660122,1874
06/01/2006,4.968907453,1873
07/01/2006,4.975282218,1872
08/01/2006,4.973730291,1871
09/01/2006,4.963737563,1870
10/01/2006,4.972289276,1869
11/01/2006,4.975589631,1868
12/01/2006,4.967282167,1867
13/01/2006,4.975944421,1866
14/01/2006,4.974820575,1865
15/01/2006,4.967023026,1864
16/01/2006,4.969472095,1863
17/01/2006,4.975048603,1862
18/01/2006,4.983508602,1861
19/01/2006,4.985908143,1860
20/01/2006,4.976464643,1859
21/01/2006,4.970112898,1858
22/01/2006,4.975102645,1857
23/01/2006,4.96766646,1856
24/01/2006,4.958339583,1855
25/01/2006,4.966475337,1854
26/01/2006,4.959687318,1853
27/01/2006,4.962204321,1852
28/01/2006,4.964780712,1851
29/01/2006,4.964371931,1850
30/01/2006,4.963758553,1849
31/01/2006,4.955288961,1848
01/02/2006,4.954939403,1847
02/02/2006,4.946256341,1846
03/02/2006,4.948668361,1845
04/02/2006,4.943020253,1844
05/02/2006,4.950677295,1843
06/02/2006,4.956561717,1842
07/02/2006,4.949792486,1841
08/02/2006,4.949508232,1840
09/02/2006,4.950481199,1839
10/02/2006,4.94694571,1838
11/02/2006,4.955670686,1837
12/02/2006,4.951618488,1836
13/02/2006,4.94695951,1835
14/02/2006,4.954754239,1834
15/02/2006,4.964355544,1833
16/02/2006,4.958411914,1832
17/02/2006,4.955336932,1831
18/02/2006,4.953255122,1830
19/02/2006,4.960422685,1829
20/02/2006,4.954262673,1828
21/02/2006,4.945561685,1827
22/02/2006,4.943056014,1826
23/02/2006,4.943998245,1825
24/02/2006,4.937956598,1824
25/02/2006,4.940899679,1823
26/02/2006,4.949394906,1822
27/02/2006,4.950725256,1821
28/02/2006,4.955839713,1820
01/03/2006,4.959639398,1819
02/03/2006,4.965230633,1818
03/03/2006,4.956022574,1817
04/03/2006,4.955360641,1816
05/03/2006,4.963995001,1815
06/03/2006,4.957184143,1814
07/03/2006,4.94956571,1813
08/03/2006,4.94574719,1812
09/03/2006,4.940643438,1811
10/03/2006,4.945452372,1810
11/03/2006,4.936634942,1809
12/03/2006,4.928823265,1808
13/03/2006,4.933256672,1807
14/03/2006,4.943149631,1806
15/03/2006,4.950575743,1805
16/03/2006,4.957473966,1804
17/03/2006,4.949014396,1803
18/03/2006,4.958903008,1802
19/03/2006,4.955247422,1801
20/03/2006,4.96368741,1800
21/03/2006,4.966091772,1799
22/03/2006,4.968275077,1798
23/03/2006,4.978176896,1797
24/03/2006,4.984020354,1796
25/03/2006,4.992647645,1795
26/03/2006,4.993334607,1794
27/03/2006,5.001012575,1793
28/03/2006,4.99193173,1792
29/03/2006,4.989418176,1791
30/03/2006,4.994990669,1790
31/03/2006,4.995289405,1789
01/04/2006,4.995096736,1788
02/04/2006,5.003737584,1787
03/04/2006,5.008837657,1786
04/04/2006,5.01751952,1785
05/04/2006,5.012966913,1784
06/04/2006,5.007980346,1783
07/04/2006,5.005327635,1782
08/04/2006,5.00289588,1781
09/04/2006,5.008421359,1780
10/04/2006,5.0125565,1779
11/04/2006,5.010005824,1778
12/04/2006,5.000799692,1777
13/04/2006,5.003506065,1776
14/04/2006,5.002081137,1775
15/04/2006,5.008114229,1774
16/04/2006,4.998948803,1773
17/04/2006,4.990418516,1772
18/04/2006,4.98150729,1771
19/04/2006,4.973062835,1770
20/04/2006,4.977918583,1769
21/04/2006,4.968439276,1768
22/04/2006,4.973385636,1767
23/04/2006,4.964433387,1766
24/04/2006,4.972160347,1765
25/04/2006,4.969156938,1764
26/04/2006,4.973839005,1763
27/04/2006,4.96553282,1762
28/04/2006,4.96647447,1761
29/04/2006,4.964551828,1760
30/04/2006,4.971151421,1759
01/05/2006,4.970091535,1758
02/05/2006,4.975897197,1757
03/05/2006,4.978488421,1756
04/05/2006,4.98014973,1755
05/05/2006,4.97300132,1754
06/05/2006,4.971330167,1753
07/05/2006,4.964316861,1752
08/05/2006,4.969776121,1751
09/05/2006,4.976781945,1750
10/05/2006,4.976655089,1749
11/05/2006,4.973782152,1748
12/05/2006,4.964523352,1747
13/05/2006,4.973455946,1746
14/05/2006,4.98255905,1745
15/05/2006,4.988327852,1744
16/05/2006,4.993363734,1743
17/05/2006,4.997309029,1742
18/05/2006,4.995977377,1741
19/05/2006,4.986546875,1740
20/05/2006,4.988903063,1739
21/05/2006,4.991587863,1738
22/05/2006,4.992828009,1737
23/05/2006,4.990718371,1736
24/05/2006,4.983443382,1735
25/05/2006,4.983850933,1734
26/05/2006,4.977389108,1733
27/05/2006,4.969168578,1732
28/05/2006,4.976847996,1731
29/05/2006,4.983744929,1730
30/05/2006,4.984512061,1729
31/05/2006,4.988291181,1728
01/06/2006,4.997298286,1727
02/06/2006,4.989653585,1726
03/06/2006,4.986095578,1725
04/06/2006,4.979646306,1724
05/06/2006,4.970742732,1723
06/06/2006,4.968772446,1722
07/06/2006,4.970440086,1721
08/06/2006,4.967798412,1720
09/06/2006,4.961830227,1719
10/06/2006,4.954953413,1718
11/06/2006,4.947646648,1717
12/06/2006,4.954163001,1716
13/06/2006,4.956102314,1715
14/06/2006,4.949651599,1714
15/06/2006,4.958089184,1713
16/06/2006,4.960025657,1712
17/06/2006,4.967159489,1711
18/06/2006,4.965360138,1710
19/06/2006,4.965836043,1709
20/06/2006,4.972092531,1708
21/06/2006,4.965711656,1707
22/06/2006,4.973850211,1706
23/06/2006,4.974208431,1705
24/06/2006,4.970700422,1704
25/06/2006,4.972104027,1703
26/06/2006,4.981343387,1702
27/06/2006,4.973396411,1701
28/06/2006,4.964247219,1700
29/06/2006,4.95627408,1699
30/06/2006,4.966234065,1698
01/07/2006,4.969280937,1697
02/07/2006,4.972636209,1696
03/07/2006,4.963157598,1695
04/07/2006,4.972409614,1694
05/07/2006,4.973238195,1693
06/07/2006,4.972881479,1692
07/07/2006,4.975535116,1691
08/07/2006,4.971880681,1690
09/07/2006,4.970187251,1689
10/07/2006,4.961041955,1688
11/07/2006,4.956411992,1687
12/07/2006,4.954834263,1686
13/07/2006,4.958405648,1685
14/07/2006,4.954392892,1684
15/07/2006,4.947778789,1683
16/07/2006,4.952116729,1682
17/07/2006,4.945141427,1681
18/07/2006,4.938177977,1680
19/07/2006,4.931936305,1679
20/07/2006,4.922409548,1678
21/07/2006,4.919871333,1677
22/07/2006,4.910197644,1676
23/07/2006,4.914706143,1675
24/07/2006,4.913140161,1674
25/07/2006,4.903810949,1673
26/07/2006,4.907688245,1672
27/07/2006,4.9016612,1671
28/07/2006,4.911202767,1670
29/07/2006,4.904078187,1669
30/07/2006,4.910258505,1668
31/07/2006,4.904164204,1667
01/08/2006,4.913179503,1666
02/08/2006,4.909994933,1665
03/08/2006,4.911989864,1664
04/08/2006,4.919032539,1663
05/08/2006,4.922858696,1662
06/08/2006,4.92027516,1661
07/08/2006,4.918108124,1660
08/08/2006,4.917592188,1659
09/08/2006,4.913226092,1658
10/08/2006,4.907631969,1657
11/08/2006,4.904398357,1656
12/08/2006,4.902997031,1655
13/08/2006,4.893731825,1654
14/08/2006,4.894169185,1653
15/08/2006,4.900585751,1652
16/08/2006,4.906023206,1651
17/08/2006,4.896774511,1650
18/08/2006,4.893959266,1649
19/08/2006,4.896829378,1648
20/08/2006,4.901277372,1647
21/08/2006,4.902305737,1646
22/08/2006,4.892465695,1645
23/08/2006,4.900157868,1644
24/08/2006,4.908960704,1643
25/08/2006,4.914994867,1642
26/08/2006,4.923432821,1641
27/08/2006,4.931716687,1640
28/08/2006,4.941176803,1639
29/08/2006,4.931541937,1638
30/08/2006,4.923686899,1637
31/08/2006,4.921176634,1636
01/09/2006,4.927227084,1635
02/09/2006,4.932415883,1634
03/09/2006,4.936393897,1633
04/09/2006,4.927240146,1632
05/09/2006,4.923653281,1631
06/09/2006,4.918937986,1630
07/09/2006,4.921395897,1629
08/09/2006,4.920739066,1628
09/09/2006,4.916155648,1627
10/09/2006,4.916704116,1626
11/09/2006,4.918094177,1625
12/09/2006,4.921351633,1624
13/09/2006,4.92515484,1623
14/09/2006,4.925686685,1622
15/09/2006,4.925027142,1621
16/09/2006,4.919914627,1620
17/09/2006,4.919550194,1619
18/09/2006,4.926399234,1618
19/09/2006,4.930238494,1617
20/09/2006,4.933954147,1616
21/09/2006,4.941463944,1615
22/09/2006,4.942032718,1614
23/09/2006,4.949514045,1613
24/09/2006,4.955077701,1612
25/09/2006,4.955454811,1611
26/09/2006,4.960446261,1610
27/09/2006,4.960790784,1609
28/09/2006,4.959307009,1608
29/09/2006,4.963392862,1607
30/09/2006,4.960410044,1606
01/10/2006,4.951739732,1605
02/10/2006,4.941905727,1604
03/10/2006,4.949698594,1603
04/10/2006,4.945205298,1602
05/10/2006,4.953165978,1601
06/10/2006,4.962535522,1600
07/10/2006,4.955513656,1599
08/10/2006,4.953574018,1598
09/10/2006,4.956871366,1597
10/10/2006,4.957963979,1596
11/10/2006,4.962137708,1595
12/10/2006,4.964401629,1594
13/10/2006,4.965062756,1593
14/10/2006,4.956109438,1592
15/10/2006,4.964126725,1591
16/10/2006,4.958574918,1590
17/10/2006,4.95905984,1589
18/10/2006,4.964194999,1588
19/10/2006,4.973405411,1587
20/10/2006,4.975339943,1586
21/10/2006,4.982272405,1585
22/10/2006,4.973697848,1584
23/10/2006,4.978150426,1583
24/10/2006,4.980449195,1582
25/10/2006,4.974292905,1581
26/10/2006,4.964328244,1580
27/10/2006,4.959614877,1579
28/10/2006,4.952764311,1578
29/10/2006,4.955857192,1577
30/10/2006,4.948888125,1576
31/10/2006,4.940149072,1575
01/11/2006,4.935684282,1574
02/11/2006,4.933020536,1573
03/11/2006,4.928627391,1572
04/11/2006,4.935951762,1571
05/11/2006,4.940610186,1570
06/11/2006,4.948723772,1569
07/11/2006,4.94235335,1568
08/11/2006,4.941704817,1567
09/11/2006,4.944279013,1566
10/11/2006,4.949800913,1565
11/11/2006,4.953011317,1564
12/11/2006,4.950367249,1563
13/11/2006,4.956583231,1562
14/11/2006,4.949077006,1561
15/11/2006,4.947867619,1560
16/11/2006,4.957374603,1559
17/11/2006,4.953719863,1558
18/11/2006,4.959754568,1557
19/11/2006,4.96177635,1556
20/11/2006,4.956654344,1555
21/11/2006,4.951774241,1554
22/11/2006,4.951134312,1553
23/11/2006,4.945703361,1552
24/11/2006,4.944970487,1551
25/11/2006,4.937009016,1550
26/11/2006,4.943237786,1549
27/11/2006,4.937793906,1548
28/11/2006,4.946858389,1547
29/11/2006,4.946201185,1546
30/11/2006,4.938862144,1545
01/12/2006,4.943618341,1544
02/12/2006,4.952778848,1543
03/12/2006,4.956725559,1542
04/12/2006,4.951168199,1541
05/12/2006,4.957017568,1540
06/12/2006,4.960323773,1539
07/12/2006,4.951263401,1538
08/12/2006,4.946755382,1537
09/12/2006,4.949463414,1536
10/12/2006,4.958392008,1535
11/12/2006,4.967472391,1534
12/12/2006,4.970255465,1533
13/12/2006,4.978425189,1532
14/12/2006,4.969271354,1531
15/12/2006,4.967875349,1530
16/12/2006,4.96489702,1529
17/12/2006,4.957895219,1528
18/12/2006,4.964261506,1527
19/12/2006,4.962821341,1526
20/12/2006,4.953374471,1525
21/12/2006,4.959803888,1524
22/12/2006,4.95609444,1523
23/12/2006,4.949923337,1522
24/12/2006,4.941064078,1521
25/12/2006,4.936756998,1520
26/12/2006,4.940406373,1519
27/12/2006,4.945966265,1518
28/12/2006,4.938775087,1517
29/12/2006,4.945273003,1516
30/12/2006,4.942854361,1515
31/12/2006,4.939714179,1514
01/01/2007,4.943511911,1513
02/01/2007,4.940151029,1512
03/01/2007,4.936131178,1511
04/01/2007,4.932786634,1510
05/01/2007,4.940184231,1509
06/01/2007,4.94133023,1508
07/01/2007,4.946297411,1507
08/01/2007,4.955299822,1506
09/01/2007,4.94708192,1505
10/01/2007,4.955038113,1504
11/01/2007,4.94873119,1503
12/01/2007,4.952035134,1502
13/01/2007,4.954047243,1501
14/01/2007,4.948606092,1500
15/01/2007,4.947041154,1499
16/01/2007,4.945525239,1498
17/01/2007,4.950671879,1497
18/01/2007,4.95282133,1496
19/01/2007,4.961024538,1495
20/01/2007,4.962092519,1494
21/01/2007,4.958459188,1493
22/01/2007,4.949113529,1492
23/01/2007,4.939304226,1491
24/01/2007,4.943091557,1490
25/01/2007,4.95246751,1489
26/01/2007,4.947282516,1488
27/01/2007,4.940072442,1487
28/01/2007,4.949311185,1486
29/01/2007,4.949623376,1485
30/01/2007,4.956452956,1484
31/01/2007,4.957841388,1483
01/02/2007,4.949748256,1482
02/02/2007,4.956748792,1481
03/02/2007,4.962597382,1480
04/02/2007,4.968195062,1479
05/02/2007,4.96388798,1478
06/02/2007,4.962010307,1477
07/02/2007,4.959961834,1476
08/02/2007,4.969282175,1475
09/02/2007,4.979232304,1474
10/02/2007,4.974566104,1473
11/02/2007,4.97183267,1472
12/02/2007,4.973070213,1471
13/02/2007,4.965981194,1470
14/02/2007,4.968928125,1469
15/02/2007,4.968858108,1468
16/02/2007,4.966013206,1467
17/02/2007,4.965401135,1466
18/02/2007,4.974138585,1465
19/02/2007,4.977459879,1464
20/02/2007,4.978284204,1463
21/02/2007,4.972486771,1462
22/02/2007,4.980927421,1461
23/02/2007,4.978418352,1460
24/02/2007,4.973453634,1459
25/02/2007,4.973112906,1458
26/02/2007,4.979757276,1457
27/02/2007,4.983035409,1456
28/02/2007,4.973764341,1455
01/03/2007,4.970673054,1454
02/03/2007,4.980154048,1453
03/03/2007,4.983315691,1452
04/03/2007,4.975556839,1451
05/03/2007,4.972802883,1450
06/03/2007,4.966582174,1449
07/03/2007,4.963031844,1448
08/03/2007,4.956427896,1447
09/03/2007,4.961970135,1446
10/03/2007,4.971737585,1445
11/03/2007,4.974860798,1444
12/03/2007,4.968202707,1443
13/03/2007,4.962888939,1442
14/03/2007,4.962253787,1441
15/03/2007,4.958707594,1440
16/03/2007,4.962600841,1439
17/03/2007,4.956843876,1438
18/03/2007,4.965629301,1437
19/03/2007,4.96784547,1436
20/03/2007,4.964245711,1435
21/03/2007,4.954464336,1434
22/03/2007,4.957301651,1433
23/03/2007,4.958921153,1432
24/03/2007,4.952125247,1431
25/03/2007,4.950606978,1430
26/03/2007,4.950298717,1429
27/03/2007,4.954170891,1428
28/03/2007,4.950739997,1427
29/03/2007,4.952418539,1426
30/03/2007,4.942902582,1425
31/03/2007,4.948173213,1424
01/04/2007,4.948349068,1423
02/04/2007,4.951094419,1422
03/04/2007,4.953858689,1421
04/04/2007,4.958707733,1420
05/04/2007,4.956185383,1419
06/04/2007,4.953977815,1418
07/04/2007,4.951715105,1417
08/04/2007,4.958809139,1416
09/04/2007,4.949145314,1415
10/04/2007,4.949439786,1414
11/04/2007,4.957962604,1413
12/04/2007,4.950116332,1412
13/04/2007,4.94121904,1411
14/04/2007,4.935476505,1410
15/04/2007,4.93253567,1409
16/04/2007,4.942507932,1408
17/04/2007,4.943152033,1407
18/04/2007,4.936520348,1406
19/04/2007,4.941849349,1405
20/04/2007,4.938717537,1404
21/04/2007,4.931290021,1403
22/04/2007,4.9391493,1402
23/04/2007,4.930779414,1401
24/04/2007,4.929750022,1400
25/04/2007,4.933140143,1399
26/04/2007,4.937846812,1398
27/04/2007,4.93244354,1397
28/04/2007,4.930830204,1396
29/04/2007,4.932945657,1395
30/04/2007,4.935410193,1394
01/05/2007,4.938073728,1393
02/05/2007,4.947206486,1392
03/05/2007,4.945392061,1391
04/05/2007,4.938716944,1390
05/05/2007,4.947141573,1389
06/05/2007,4.956082316,1388
07/05/2007,4.950809426,1387
08/05/2007,4.952894705,1386
09/05/2007,4.950073424,1385
10/05/2007,4.941528873,1384
11/05/2007,4.948775537,1383
12/05/2007,4.946630773,1382
13/05/2007,4.949273451,1381
14/05/2007,4.942384747,1380
15/05/2007,4.944812836,1379
16/05/2007,4.942410334,1378
17/05/2007,4.950854746,1377
18/05/2007,4.941130953,1376
19/05/2007,4.95003279,1375
20/05/2007,4.94350325,1374
21/05/2007,4.940554288,1373
22/05/2007,4.937848448,1372
23/05/2007,4.937023856,1371
24/05/2007,4.944216243,1370
25/05/2007,4.94407286,1369
26/05/2007,4.951443217,1368
27/05/2007,4.954240348,1367
28/05/2007,4.952271562,1366
29/05/2007,4.951429561,1365
30/05/2007,4.947727027,1364
31/05/2007,4.941090636,1363
01/06/2007,4.934111603,1362
02/06/2007,4.943902135,1361
03/06/2007,4.942617673,1360
04/06/2007,4.939525603,1359
05/06/2007,4.947076538,1358
06/06/2007,4.947787574,1357
07/06/2007,4.941697212,1356
08/06/2007,4.946793629,1355
09/06/2007,4.951614774,1354
10/06/2007,4.952799434,1353
11/06/2007,4.956914138,1352
12/06/2007,4.954774594,1351
13/06/2007,4.962200202,1350
14/06/2007,4.961472876,1349
15/06/2007,4.955154678,1348
16/06/2007,4.945399889,1347
17/06/2007,4.941308937,1346
18/06/2007,4.931804646,1345
19/06/2007,4.941531836,1344
20/06/2007,4.936198938,1343
21/06/2007,4.928555418,1342
22/06/2007,4.9297648,1341
23/06/2007,4.926986316,1340
24/06/2007,4.931710233,1339
25/06/2007,4.928168445,1338
26/06/2007,4.921103297,1337
27/06/2007,4.917484948,1336
28/06/2007,4.923024613,1335
29/06/2007,4.913813107,1334
30/06/2007,4.912304485,1333
01/07/2007,4.911636433,1332
02/07/2007,4.908877546,1331
03/07/2007,4.913146088,1330
04/07/2007,4.918617747,1329
05/07/2007,4.922356514,1328
06/07/2007,4.917166517,1327
07/07/2007,4.920706167,1326
08/07/2007,4.926962909,1325
09/07/2007,4.932458038,1324
10/07/2007,4.928987743,1323
11/07/2007,4.921804267,1322
12/07/2007,4.92487819,1321
13/07/2007,4.923179863,1320
14/07/2007,4.917966579,1319
15/07/2007,4.916347745,1318
16/07/2007,4.916105062,1317
17/07/2007,4.920986957,1316
18/07/2007,4.921799891,1315
19/07/2007,4.913387643,1314
20/07/2007,4.913000151,1313
21/07/2007,4.906703193,1312
22/07/2007,4.911794596,1311
23/07/2007,4.913499985,1310
24/07/2007,4.906389386,1309
25/07/2007,4.915152577,1308
26/07/2007,4.923951307,1307
27/07/2007,4.929606384,1306
28/07/2007,4.933063803,1305
29/07/2007,4.936054462,1304
30/07/2007,4.93987324,1303
31/07/2007,4.941354069,1302
01/08/2007,4.93357459,1301
02/08/2007,4.932189039,1300
03/08/2007,4.927449909,1299
04/08/2007,4.932040679,1298
05/08/2007,4.926052093,1297
06/08/2007,4.918699009,1296
07/08/2007,4.926536362,1295
08/08/2007,4.929384654,1294
09/08/2007,4.927722842,1293
10/08/2007,4.926445793,1292
11/08/2007,4.919500822,1291
12/08/2007,4.923410353,1290
13/08/2007,4.920336465,1289
14/08/2007,4.922619255,1288
15/08/2007,4.932603941,1287
16/08/2007,4.932982821,1286
17/08/2007,4.928403763,1285
18/08/2007,4.923585496,1284
19/08/2007,4.925103274,1283
20/08/2007,4.933035401,1282
21/08/2007,4.924238733,1281
22/08/2007,4.931830296,1280
23/08/2007,4.930120064,1279
24/08/2007,4.937622931,1278
25/08/2007,4.933186321,1277
26/08/2007,4.935199832,1276
27/08/2007,4.935094363,1275
28/08/2007,4.927393975,1274
29/08/2007,4.93511729,1273
30/08/2007,4.932885036,1272
31/08/2007,4.941202287,1271
01/09/2007,4.949999093,1270
02/09/2007,4.953743771,1269
03/09/2007,4.955675572,1268
04/09/2007,4.95534125,1267
05/09/2007,4.953832161,1266
06/09/2007,4.944838557,1265
07/09/2007,4.943316872,1264
08/09/2007,4.95125073,1263
09/09/2007,4.951096078,1262
10/09/2007,4.957543132,1261
11/09/2007,4.963544557,1260
12/09/2007,4.959778804,1259
13/09/2007,4.968939829,1258
14/09/2007,4.961003012,1257
15/09/2007,4.951583512,1256
16/09/2007,4.945960773,1255
17/09/2007,4.938938262,1254
18/09/2007,4.945723475,1253
19/09/2007,4.954018542,1252
20/09/2007,4.950837495,1251
21/09/2007,4.958922889,1250
22/09/2007,4.95671041,1249
23/09/2007,4.956532325,1248
24/09/2007,4.961023699,1247
25/09/2007,4.959007541,1246
26/09/2007,4.960484554,1245
27/09/2007,4.962968521,1244
28/09/2007,4.964177953,1243
29/09/2007,4.957640585,1242
30/09/2007,4.955269725,1241
01/10/2007,4.949716038,1240
02/10/2007,4.953057418,1239
03/10/2007,4.952379148,1238
04/10/2007,4.945044877,1237
05/10/2007,4.954373488,1236
06/10/2007,4.95545506,1235
07/10/2007,4.948073622,1234
08/10/2007,4.943009059,1233
09/10/2007,4.94605091,1232
10/10/2007,4.93642299,1231
11/10/2007,4.934614292,1230
12/10/2007,4.932234828,1229
13/10/2007,4.937337013,1228
14/10/2007,4.931377926,1227
15/10/2007,4.931106608,1226
16/10/2007,4.921317237,1225
17/10/2007,4.913220848,1224
18/10/2007,4.914214732,1223
19/10/2007,4.905170912,1222
20/10/2007,4.902891239,1221
21/10/2007,4.910391182,1220
22/10/2007,4.908510161,1219
23/10/2007,4.912732786,1218
24/10/2007,4.909222704,1217
25/10/2007,4.900606025,1216
26/10/2007,4.906478223,1215
27/10/2007,4.911425031,1214
28/10/2007,4.916693202,1213
29/10/2007,4.909247902,1212
30/10/2007,4.907664628,1211
31/10/2007,4.903452228,1210
01/11/2007,4.899026561,1209
02/11/2007,4.897956007,1208
03/11/2007,4.89536404,1207
04/11/2007,4.889345289,1206
05/11/2007,4.889732189,1205
06/11/2007,4.899192751,1204
07/11/2007,4.905710655,1203
08/11/2007,4.898593765,1202
09/11/2007,4.907158824,1201
10/11/2007,4.907275112,1200
11/11/2007,4.901865419,1199
12/11/2007,4.89440689,1198
13/11/2007,4.900136791,1197
14/11/2007,4.896009247,1196
15/11/2007,4.887994794,1195
16/11/2007,4.891758052,1194
17/11/2007,4.900423942,1193
18/11/2007,4.898148624,1192
19/11/2007,4.890549304,1191
20/11/2007,4.887441461,1190
21/11/2007,4.882067874,1189
22/11/2007,4.881171043,1188
23/11/2007,4.878829874,1187
24/11/2007,4.888345241,1186
25/11/2007,4.885447699,1185
26/11/2007,4.893772928,1184
27/11/2007,4.890467484,1183
28/11/2007,4.893603937,1182
29/11/2007,4.892992923,1181
30/11/2007,4.894235805,1180
01/12/2007,4.900808926,1179
02/12/2007,4.904237656,1178
03/12/2007,4.904617482,1177
04/12/2007,4.900411407,1176
05/12/2007,4.895265121,1175
06/12/2007,4.903319888,1174
07/12/2007,4.908385779,1173
08/12/2007,4.905553141,1172
09/12/2007,4.904404596,1171
10/12/2007,4.910156744,1170
11/12/2007,4.917281432,1169
12/12/2007,4.913323714,1168
13/12/2007,4.91416917,1167
14/12/2007,4.906496675,1166
15/12/2007,4.906141138,1165
16/12/2007,4.899232428,1164
17/12/2007,4.906853318,1163
18/12/2007,4.899685306,1162
19/12/2007,4.893815837,1161
20/12/2007,4.887558894,1160
21/12/2007,4.878666742,1159
22/12/2007,4.884321557,1158
23/12/2007,4.879736929,1157
24/12/2007,4.875888822,1156
25/12/2007,4.873952327,1155
26/12/2007,4.872765056,1154
27/12/2007,4.864272447,1153
28/12/2007,4.862892661,1152
29/12/2007,4.856668228,1151
30/12/2007,4.852577993,1150
31/12/2007,4.845134762,1149
01/01/2008,4.838665654,1148
02/01/2008,4.834686473,1147
03/01/2008,4.826690105,1146
04/01/2008,4.832314,1145
05/01/2008,4.829869482,1144
06/01/2008,4.836286323,1143
07/01/2008,4.833407105,1142
08/01/2008,4.836177622,1141
09/01/2008,4.836200053,1140
10/01/2008,4.835489235,1139
11/01/2008,4.837098107,1138
12/01/2008,4.829081275,1137
13/01/2008,4.825240617,1136
14/01/2008,4.817534457,1135
15/01/2008,4.815704535,1134
16/01/2008,4.805727538,1133
17/01/2008,4.798932302,1132
18/01/2008,4.808197838,1131
19/01/2008,4.816251549,1130
20/01/2008,4.825396811,1129
21/01/2008,4.825013341,1128
22/01/2008,4.823584122,1127
23/01/2008,4.814403384,1126
24/01/2008,4.805581209,1125
25/01/2008,4.812836607,1124
26/01/2008,4.819914049,1123
27/01/2008,4.822800717,1122
28/01/2008,4.822465898,1121
29/01/2008,4.813453373,1120
30/01/2008,4.804888966,1119
31/01/2008,4.805071114,1118
01/02/2008,4.811859629,1117
02/02/2008,4.804357011,1116
03/02/2008,4.809020618,1115
04/02/2008,4.807577897,1114
05/02/2008,4.812195518,1113
06/02/2008,4.807406435,1112
07/02/2008,4.813878259,1111
08/02/2008,4.811950016,1110
09/02/2008,4.815159998,1109
10/02/2008,4.80939226,1108
11/02/2008,4.807114261,1107
12/02/2008,4.801312504,1106
13/02/2008,4.80650996,1105
14/02/2008,4.809157559,1104
15/02/2008,4.805807758,1103
16/02/2008,4.802665322,1102
17/02/2008,4.805128012,1101
18/02/2008,4.805748897,1100
19/02/2008,4.805262128,1099
20/02/2008,4.800574705,1098
21/02/2008,4.809523549,1097
22/02/2008,4.81524241,1096
23/02/2008,4.806990221,1095
24/02/2008,4.816542607,1094
25/02/2008,4.806878021,1093
26/02/2008,4.815165781,1092
27/02/2008,4.814417822,1091
28/02/2008,4.816789281,1090
29/02/2008,4.80692517,1089
01/03/2008,4.803903835,1088
02/03/2008,4.807518664,1087
03/03/2008,4.799959412,1086
04/03/2008,4.79579679,1085
05/03/2008,4.804584344,1084
06/03/2008,4.814570241,1083
07/03/2008,4.814970647,1082
08/03/2008,4.821599213,1081
09/03/2008,4.815425486,1080
10/03/2008,4.821472264,1079
11/03/2008,4.82211382,1078
12/03/2008,4.816147414,1077
13/03/2008,4.81092126,1076
14/03/2008,4.802223728,1075
15/03/2008,4.794733669,1074
16/03/2008,4.789147673,1073
17/03/2008,4.783942015,1072
18/03/2008,4.789414898,1071
19/03/2008,4.796399339,1070
20/03/2008,4.791167579,1069
21/03/2008,4.781813519,1068
22/03/2008,4.782796475,1067
23/03/2008,4.78249901,1066
24/03/2008,4.78810534,1065
25/03/2008,4.793495879,1064
26/03/2008,4.786018854,1063
27/03/2008,4.780617055,1062
28/03/2008,4.78988252,1061
29/03/2008,4.793599228,1060
30/03/2008,4.793347811,1059
31/03/2008,4.802660942,1058
01/04/2008,4.797591429,1057
02/04/2008,4.790760702,1056
03/04/2008,4.793731651,1055
04/04/2008,4.785035835,1054
05/04/2008,4.780787245,1053
06/04/2008,4.778772107,1052
07/04/2008,4.77180344,1051
08/04/2008,4.781096178,1050
09/04/2008,4.785208213,1049
10/04/2008,4.778400609,1048
11/04/2008,4.787877486,1047
12/04/2008,4.780275774,1046
13/04/2008,4.787705854,1045
14/04/2008,4.779942872,1044
15/04/2008,4.781328917,1043
16/04/2008,4.783694245,1042
17/04/2008,4.792211996,1041
18/04/2008,4.787106762,1040
19/04/2008,4.787782493,1039
20/04/2008,4.796206154,1038
21/04/2008,4.794354235,1037
22/04/2008,4.802691629,1036
23/04/2008,4.800960293,1035
24/04/2008,4.806974301,1034
25/04/2008,4.801025222,1033
26/04/2008,4.79365153,1032
27/04/2008,4.787347293,1031
28/04/2008,4.788666081,1030
29/04/2008,4.793539012,1029
30/04/2008,4.799614391,1028
01/05/2008,4.803378417,1027
02/05/2008,4.812184208,1026
03/05/2008,4.808243551,1025
04/05/2008,4.81760291,1024
05/05/2008,4.810397638,1023
06/05/2008,4.810638282,1022
07/05/2008,4.813841018,1021
08/05/2008,4.804225462,1020
09/05/2008,4.802557203,1019
10/05/2008,4.79904193,1018
11/05/2008,4.806307423,1017
12/05/2008,4.804251449,1016
13/05/2008,4.80096042,1015
14/05/2008,4.808461038,1014
15/05/2008,4.801476378,1013
16/05/2008,4.798490398,1012
17/05/2008,4.790252527,1011
18/05/2008,4.784845415,1010
19/05/2008,4.782959393,1009
20/05/2008,4.778817443,1008
21/05/2008,4.774537889,1007
22/05/2008,4.774173769,1006
23/05/2008,4.765794765,1005
24/05/2008,4.760522922,1004
25/05/2008,4.750646794,1003
26/05/2008,4.759841585,1002
27/05/2008,4.752732875,1001
28/05/2008,4.748976128,1000
29/05/2008,4.756613328,999
30/05/2008,4.752214791,998
31/05/2008,4.74222956,997
01/06/2008,4.752150809,996
02/06/2008,4.752696198,995
03/06/2008,4.751544177,994
04/06/2008,4.747451184,993
05/06/2008,4.749582221,992
06/06/2008,4.754161948,991
07/06/2008,4.751789544,990
08/06/2008,4.747397418,989
09/06/2008,4.74921917,988
10/06/2008,4.756197597,987
11/06/2008,4.756621467,986
12/06/2008,4.750233842,985
13/06/2008,4.74278211,984
14/06/2008,4.745273752,983
15/06/2008,4.753874258,982
16/06/2008,4.749010158,981
17/06/2008,4.745381398,980
18/06/2008,4.745714804,979
19/06/2008,4.752080886,978
20/06/2008,4.757591072,977
21/06/2008,4.751790802,976
22/06/2008,4.75117664,975
23/06/2008,4.751015977,974
24/06/2008,4.748420265,973
25/06/2008,4.748879962,972
26/06/2008,4.746985948,971
27/06/2008,4.751400489,970
28/06/2008,4.751851106,969
29/06/2008,4.750175955,968
30/06/2008,4.743043423,967
01/07/2008,4.744214293,966
02/07/2008,4.737325456,965
03/07/2008,4.740231406,964
04/07/2008,4.740958999,963
05/07/2008,4.733312496,962
06/07/2008,4.727388436,961
07/07/2008,4.734398637,960
08/07/2008,4.730680122,959
09/07/2008,4.720795418,958
10/07/2008,4.720458602,957
11/07/2008,4.717272393,956
12/07/2008,4.71645202,955
13/07/2008,4.712140522,954
14/07/2008,4.721409862,953
15/07/2008,4.716263486,952
16/07/2008,4.719991619,951
17/07/2008,4.721215203,950
18/07/2008,4.715193293,949
19/07/2008,4.718046624,948
20/07/2008,4.714181937,947
21/07/2008,4.723032353,946
22/07/2008,4.714883937,945
23/07/2008,4.717607916,944
24/07/2008,4.713126099,943
25/07/2008,4.721962195,942
26/07/2008,4.718339979,941
27/07/2008,4.726877686,940
28/07/2008,4.719206242,939
29/07/2008,4.710282324,938
30/07/2008,4.706147535,937
31/07/2008,4.71278979,936
01/08/2008,4.706906133,935
02/08/2008,4.711638088,934
03/08/2008,4.70177101,933
04/08/2008,4.695993022,932
05/08/2008,4.693208905,931
06/08/2008,4.69067376,930
07/08/2008,4.685107628,929
08/08/2008,4.684638904,928
09/08/2008,4.690526063,927
10/08/2008,4.693558387,926
11/08/2008,4.695233066,925
12/08/2008,4.688263558,924
13/08/2008,4.678338849,923
14/08/2008,4.673674606,922
15/08/2008,4.673266381,921
16/08/2008,4.666665335,920
17/08/2008,4.674533179,919
18/08/2008,4.66836561,918
19/08/2008,4.659844631,917
20/08/2008,4.654202755,916
21/08/2008,4.663324561,915
22/08/2008,4.658597223,914
23/08/2008,4.64877777,913
24/08/2008,4.645494982,912
25/08/2008,4.642927897,911
26/08/2008,4.645313909,910
27/08/2008,4.652125144,909
28/08/2008,4.657739139,908
29/08/2008,4.652499865,907
30/08/2008,4.655292937,906
31/08/2008,4.653558171,905
01/09/2008,4.646214144,904
02/09/2008,4.637413253,903
03/09/2008,4.647049713,902
04/09/2008,4.648222271,901
05/09/2008,4.64272913,900
06/09/2008,4.651369742,899
07/09/2008,4.65274208,898
08/09/2008,4.661431119,897
09/09/2008,4.664477515,896
10/09/2008,4.67347352,895
11/09/2008,4.673122748,894
12/09/2008,4.665184584,893
13/09/2008,4.667708399,892
14/09/2008,4.669348459,891
15/09/2008,4.6620691,890
16/09/2008,4.653813148,889
17/09/2008,4.653712667,888
18/09/2008,4.646745049,887
19/09/2008,4.65445429,886
20/09/2008,4.658667329,885
21/09/2008,4.650211664,884
22/09/2008,4.652518345,883
23/09/2008,4.659904369,882
24/09/2008,4.659296763,881
25/09/2008,4.658372379,880
26/09/2008,4.649175074,879
27/09/2008,4.640961138,878
28/09/2008,4.635119641,877
29/09/2008,4.640972799,876
30/09/2008,4.633820194,875
01/10/2008,4.627492101,874
02/10/2008,4.630655306,873
03/10/2008,4.626264014,872
04/10/2008,4.628194201,871
05/10/2008,4.632393849,870
06/10/2008,4.623363598,869
07/10/2008,4.625933803,868
08/10/2008,4.627267399,867
09/10/2008,4.634114717,866
10/10/2008,4.642152466,865
11/10/2008,4.637098325,864
12/10/2008,4.627162376,863
13/10/2008,4.620849427,862
14/10/2008,4.624606148,861
15/10/2008,4.624926769,860
16/10/2008,4.624125681,859
17/10/2008,4.615398377,858
18/10/2008,4.60547779,857
19/10/2008,4.605266178,856
20/10/2008,4.602824452,855
21/10/2008,4.601669245,854
22/10/2008,4.600924831,853
23/10/2008,4.600971523,852
24/10/2008,4.598995658,851
25/10/2008,4.594611668,850
26/10/2008,4.591608685,849
27/10/2008,4.584941341,848
28/10/2008,4.576844781,847
29/10/2008,4.586189666,846
30/10/2008,4.583009813,845
31/10/2008,4.573257955,844
01/11/2008,4.582089667,843
02/11/2008,4.579515667,842
03/11/2008,4.586310963,841
04/11/2008,4.580196527,840
05/11/2008,4.58637134,839
06/11/2008,4.588197926,838
07/11/2008,4.597542804,837
08/11/2008,4.593481323,836
09/11/2008,4.584024984,835
10/11/2008,4.586733601,834
11/11/2008,4.582249906,833
12/11/2008,4.572796101,832
13/11/2008,4.572462273,831
14/11/2008,4.571397679,830
15/11/2008,4.56158081,829
16/11/2008,4.553538114,828
17/11/2008,4.54405909,827
18/11/2008,4.535611083,826
19/11/2008,4.541409041,825
20/11/2008,4.543646945,824
21/11/2008,4.535599441,823
22/11/2008,4.53093016,822
23/11/2008,4.526461648,821
24/11/2008,4.533402543,820
25/11/2008,4.543082734,819
26/11/2008,4.545160968,818
27/11/2008,4.551782526,817
28/11/2008,4.553980896,816
29/11/2008,4.557164228,815
30/11/2008,4.562630775,814
01/12/2008,4.560043832,813
02/12/2008,4.560770189,812
03/12/2008,4.56784444,811
04/12/2008,4.577230506,810
05/12/2008,4.571338007,809
06/12/2008,4.57638733,808
07/12/2008,4.570760793,807
08/12/2008,4.569401913,806
09/12/2008,4.559455708,805
10/12/2008,4.554746531,804
11/12/2008,4.550921084,803
12/12/2008,4.542572441,802
13/12/2008,4.549306464,801
14/12/2008,4.5410514,800
15/12/2008,4.548814585,799
16/12/2008,4.540029676,798
17/12/2008,4.531295014,797
18/12/2008,4.541278311,796
19/12/2008,4.535720856,795
20/12/2008,4.537034176,794
21/12/2008,4.528425228,793
22/12/2008,4.532121406,792
23/12/2008,4.533152297,791
24/12/2008,4.531696279,790
25/12/2008,4.53360098,789
26/12/2008,4.534020125,788
27/12/2008,4.532399359,787
28/12/2008,4.532773962,786
29/12/2008,4.53200593,785
30/12/2008,4.532814682,784
31/12/2008,4.524676876,783
01/01/2009,4.517748585,782
02/01/2009,4.521780967,781
03/01/2009,4.512713733,780
04/01/2009,4.516668567,779
05/01/2009,4.524719694,778
06/01/2009,4.515083461,777
07/01/2009,4.518881376,776
08/01/2009,4.514134682,775
09/01/2009,4.508384236,774
10/01/2009,4.501652323,773
11/01/2009,4.497959175,772
12/01/2009,4.496262594,771
13/01/2009,4.50169903,770
14/01/2009,4.499569553,769
15/01/2009,4.493362103,768
16/01/2009,4.496296138,767
17/01/2009,4.496237498,766
18/01/2009,4.50546527,765
19/01/2009,4.515042341,764
20/01/2009,4.509137059,763
21/01/2009,4.501780921,762
22/01/2009,4.502156231,761
23/01/2009,4.493312558,760
24/01/2009,4.499110213,759
25/01/2009,4.49397443,758
26/01/2009,4.49621759,757
27/01/2009,4.502056974,756
28/01/2009,4.504969792,755
29/01/2009,4.499646674,754
30/01/2009,4.507012504,753
31/01/2009,4.501927433,752
01/02/2009,4.498110298,751
02/02/2009,4.497396058,750
03/02/2009,4.505506487,749
04/02/2009,4.51288312,748
05/02/2009,4.509476699,747
06/02/2009,4.508864694,746
07/02/2009,4.500859694,745
08/02/2009,4.507363292,744
09/02/2009,4.512000677,743
10/02/2009,4.508110252,742
11/02/2009,4.511740978,741
12/02/2009,4.512125653,740
13/02/2009,4.50499957,739
14/02/2009,4.506652296,738
15/02/2009,4.497229756,737
16/02/2009,4.503067603,736
17/02/2009,4.510624045,735
18/02/2009,4.505027717,734
19/02/2009,4.508274642,733
20/02/2009,4.508512423,732
21/02/2009,4.510682588,731
22/02/2009,4.511671952,730
23/02/2009,4.518556263,729
24/02/2009,4.513787004,728
25/02/2009,4.513303962,727
26/02/2009,4.51568319,726
27/02/2009,4.521192683,725
28/02/2009,4.529232013,724
01/03/2009,4.539061057,723
02/03/2009,4.537411259,722
03/03/2009,4.539173125,721
04/03/2009,4.529500366,720
05/03/2009,4.537821379,719
06/03/2009,4.529465296,718
07/03/2009,4.524356485,717
08/03/2009,4.531903411,716
09/03/2009,4.532607288,715
10/03/2009,4.523376112,714
11/03/2009,4.523746556,713
12/03/2009,4.527714047,712
13/03/2009,4.520140225,711
14/03/2009,4.513219702,710
15/03/2009,4.504516336,709
16/03/2009,4.500397328,708
17/03/2009,4.494766614,707
18/03/2009,4.498764907,706
19/03/2009,4.497985698,705
20/03/2009,4.489434528,704
21/03/2009,4.483304155,703
22/03/2009,4.479265611,702
23/03/2009,4.488740744,701
24/03/2009,4.487217154,700
25/03/2009,4.479385933,699
26/03/2009,4.481356531,698
27/03/2009,4.481792977,697
28/03/2009,4.484206531,696
29/03/2009,4.479405653,695
30/03/2009,4.487581719,694
31/03/2009,4.480197361,693
01/04/2009,4.471030547,692
02/04/2009,4.474564749,691
03/04/2009,4.47627511,690
04/04/2009,4.477496504,689
05/04/2009,4.484114226,688
06/04/2009,4.488033597,687
07/04/2009,4.480234825,686
08/04/2009,4.484705511,685
09/04/2009,4.484762951,684
10/04/2009,4.492953477,683
11/04/2009,4.483473331,682
12/04/2009,4.48363326,681
13/04/2009,4.480802332,680
14/04/2009,4.471681439,679
15/04/2009,4.477534142,678
16/04/2009,4.470381461,677
17/04/2009,4.464814019,676
18/04/2009,4.46094598,675
19/04/2009,4.458388252,674
20/04/2009,4.462005898,673
21/04/2009,4.45230968,672
22/04/2009,4.450134129,671
23/04/2009,4.45751028,670
24/04/2009,4.452435294,669
25/04/2009,4.445901274,668
26/04/2009,4.436093384,667
27/04/2009,4.443455837,666
28/04/2009,4.437467051,665
29/04/2009,4.430874396,664
30/04/2009,4.428487818,663
01/05/2009,4.425805923,662
02/05/2009,4.420536518,661
03/05/2009,4.41671749,660
04/05/2009,4.408435067,659
05/05/2009,4.417473201,658
06/05/2009,4.412635497,657
07/05/2009,4.422582951,656
08/05/2009,4.418869118,655
09/05/2009,4.427320561,654
10/05/2009,4.426675908,653
11/05/2009,4.43572601,652
12/05/2009,4.4451242,651
13/05/2009,4.437969947,650
14/05/2009,4.430979225,649
15/05/2009,4.422142643,648
16/05/2009,4.42089185,647
17/05/2009,4.417366823,646
18/05/2009,4.412367094,645
19/05/2009,4.413463567,644
20/05/2009,4.422225607,643
21/05/2009,4.421570641,642
22/05/2009,4.412194651,641
23/05/2009,4.405795924,640
24/05/2009,4.408689895,639
25/05/2009,4.410455456,638
26/05/2009,4.411351615,637
27/05/2009,4.410278449,636
28/05/2009,4.418144624,635
29/05/2009,4.410307335,634
30/05/2009,4.401561533,633
31/05/2009,4.39874047,632
01/06/2009,4.389137596,631
02/06/2009,4.393003711,630
03/06/2009,4.385445742,629
04/06/2009,4.383744523,628
05/06/2009,4.381723081,627
06/06/2009,4.389190278,626
07/06/2009,4.38348079,625
08/06/2009,4.382350456,624
09/06/2009,4.379835483,623
10/06/2009,4.373314041,622
11/06/2009,4.365298725,621
12/06/2009,4.366287153,620
13/06/2009,4.356915992,619
14/06/2009,4.351513138,618
15/06/2009,4.345587272,617
16/06/2009,4.355308066,616
17/06/2009,4.361586695,615
18/06/2009,4.353428304,614
19/06/2009,4.360272345,613
20/06/2009,4.352471087,612
21/06/2009,4.352169107,611
22/06/2009,4.355094404,610
23/06/2009,4.36430047,609
24/06/2009,4.360462848,608
25/06/2009,4.36766973,607
26/06/2009,4.363231724,606
27/06/2009,4.359655568,605
28/06/2009,4.366928989,604
29/06/2009,4.373453906,603
30/06/2009,4.374777533,602
01/07/2009,4.376148755,601
02/07/2009,4.378573982,600
03/07/2009,4.373299285,599
04/07/2009,4.372491421,598
05/07/2009,4.365827526,597
06/07/2009,4.372332367,596
07/07/2009,4.368716531,595
08/07/2009,4.364834389,594
09/07/2009,4.356859933,593
10/07/2009,4.358190778,592
11/07/2009,4.350633018,591
12/07/2009,4.340641784,590
13/07/2009,4.345159501,589
14/07/2009,4.339943314,588
15/07/2009,4.337986195,587
16/07/2009,4.335568574,586
17/07/2009,4.328295639,585
18/07/2009,4.332408051,584
19/07/2009,4.34048953,583
20/07/2009,4.331107232,582
21/07/2009,4.331000527,581
22/07/2009,4.33824101,580
23/07/2009,4.342360964,579
24/07/2009,4.3437911,578
25/07/2009,4.342981299,577
26/07/2009,4.340688426,576
27/07/2009,4.333941087,575
28/07/2009,4.343194857,574
29/07/2009,4.35225948,573
30/07/2009,4.361141577,572
31/07/2009,4.367713045,571
01/08/2009,4.365146013,570
02/08/2009,4.356735594,569
03/08/2009,4.356982415,568
04/08/2009,4.359322274,567
05/08/2009,4.361968765,566
06/08/2009,4.359187178,565
07/08/2009,4.352542705,564
08/08/2009,4.347702408,563
09/08/2009,4.355580344,562
10/08/2009,4.352130442,561
11/08/2009,4.352242019,560
12/08/2009,4.358303835,559
13/08/2009,4.358349328,558
14/08/2009,4.364778165,557
15/08/2009,4.359561347,556
16/08/2009,4.34992229,555
17/08/2009,4.346823544,554
18/08/2009,4.343126855,553
19/08/2009,4.339919075,552
20/08/2009,4.330556595,551
21/08/2009,4.331509557,550
22/08/2009,4.328307379,549
23/08/2009,4.332414827,548
24/08/2009,4.32826548,547
25/08/2009,4.333644761,546
26/08/2009,4.333529419,545
27/08/2009,4.339142623,544
28/08/2009,4.337284285,543
29/08/2009,4.332472246,542
30/08/2009,4.331163498,541
31/08/2009,4.340217048,540
01/09/2009,4.331590262,539
02/09/2009,4.326535144,538
03/09/2009,4.323898485,537
04/09/2009,4.326032796,536
05/09/2009,4.323638903,535
06/09/2009,4.321350723,534
07/09/2009,4.316851096,533
08/09/2009,4.323830289,532
09/09/2009,4.331432986,531
10/09/2009,4.329494588,530
11/09/2009,4.332410065,529
12/09/2009,4.328311193,528
13/09/2009,4.327490285,527
14/09/2009,4.32293994,526
15/09/2009,4.317582881,525
16/09/2009,4.319264583,524
17/09/2009,4.312253532,523
18/09/2009,4.303349849,522
19/09/2009,4.310877092,521
20/09/2009,4.308988151,520
21/09/2009,4.310965131,519
22/09/2009,4.308641961,518
23/09/2009,4.303610325,517
24/09/2009,4.302305137,516
25/09/2009,4.293413773,515
26/09/2009,4.284927942,514
27/09/2009,4.294879934,513
28/09/2009,4.302466889,512
29/09/2009,4.301963959,511
30/09/2009,4.295227329,510
01/10/2009,4.289279573,509
02/10/2009,4.288798233,508
03/10/2009,4.298083171,507
04/10/2009,4.300159643,506
05/10/2009,4.307818202,505
06/10/2009,4.313627721,504
07/10/2009,4.316996976,503
08/10/2009,4.308331379,502
09/10/2009,4.303501766,501
10/10/2009,4.294874963,500
11/10/2009,4.294785338,499
12/10/2009,4.303771395,498
13/10/2009,4.303924762,497
14/10/2009,4.293928065,496
15/10/2009,4.299246623,495
16/10/2009,4.297801897,494
17/10/2009,4.292469041,493
18/10/2009,4.29333074,492
19/10/2009,4.29633708,491
20/10/2009,4.289753738,490
21/10/2009,4.280870254,489
22/10/2009,4.27583472,488
23/10/2009,4.273808263,487
24/10/2009,4.268103717,486
25/10/2009,4.264935083,485
26/10/2009,4.257794336,484
27/10/2009,4.267577626,483
28/10/2009,4.277478092,482
29/10/2009,4.270714173,481
30/10/2009,4.279315,480
31/10/2009,4.281512021,479
01/11/2009,4.282191227,478
02/11/2009,4.274242377,477
03/11/2009,4.282368384,476
04/11/2009,4.277786765,475
05/11/2009,4.28403284,474
06/11/2009,4.277755275,473
07/11/2009,4.277973176,472
08/11/2009,4.283460259,471
09/11/2009,4.281572315,470
10/11/2009,4.286366321,469
11/11/2009,4.285304381,468
12/11/2009,4.279555548,467
13/11/2009,4.289473904,466
14/11/2009,4.294019748,465
15/11/2009,4.291217256,464
16/11/2009,4.282848714,463
17/11/2009,4.276489006,462
18/11/2009,4.280353121,461
19/11/2009,4.276797643,460
20/11/2009,4.26899074,459
21/11/2009,4.275349692,458
22/11/2009,4.276630118,457
23/11/2009,4.276362705,456
24/11/2009,4.27266002,455
25/11/2009,4.273244542,454
26/11/2009,4.264588845,453
27/11/2009,4.272858583,452
28/11/2009,4.267975338,451
29/11/2009,4.258534462,450
30/11/2009,4.262277685,449
01/12/2009,4.257958348,448
02/12/2009,4.265865529,447
03/12/2009,4.27375322,446
04/12/2009,4.269532416,445
05/12/2009,4.269737366,444
06/12/2009,4.270230795,443
07/12/2009,4.274280998,442
08/12/2009,4.272616676,441
09/12/2009,4.262809869,440
10/12/2009,4.258243824,439
11/12/2009,4.261622354,438
12/12/2009,4.256804765,437
13/12/2009,4.252102325,436
14/12/2009,4.243189001,435
15/12/2009,4.245316354,434
16/12/2009,4.254567254,433
17/12/2009,4.263400229,432
18/12/2009,4.261588163,431
19/12/2009,4.265455104,430
20/12/2009,4.260444977,429
21/12/2009,4.259642503,428
22/12/2009,4.265915964,427
23/12/2009,4.268530253,426
24/12/2009,4.270747415,425
25/12/2009,4.277081922,424
26/12/2009,4.278730761,423
27/12/2009,4.271073591,422
28/12/2009,4.265994445,421
29/12/2009,4.267680025,420
30/12/2009,4.265794823,419
31/12/2009,4.273520884,418
01/01/2010,4.268437476,417
02/01/2010,4.260197492,416
03/01/2010,4.266193678,415
04/01/2010,4.256421083,414
05/01/2010,4.250026935,413
06/01/2010,4.253280166,412
07/01/2010,4.247048713,411
08/01/2010,4.251750826,410
09/01/2010,4.245291982,409
10/01/2010,4.237098206,408
11/01/2010,4.24105862,407
12/01/2010,4.249997912,406
13/01/2010,4.246999674,405
14/01/2010,4.255895711,404
15/01/2010,4.259796949,403
16/01/2010,4.256007003,402
17/01/2010,4.257190871,401
18/01/2010,4.258180232,400
19/01/2010,4.248356687,399
20/01/2010,4.24775541,398
21/01/2010,4.248715035,397
22/01/2010,4.244774429,396
23/01/2010,4.236645101,395
24/01/2010,4.233632225,394
25/01/2010,4.240898103,393
26/01/2010,4.233338798,392
27/01/2010,4.234363277,391
28/01/2010,4.23174582,390
29/01/2010,4.224922774,389
30/01/2010,4.216852772,388
31/01/2010,4.215284397,387
01/02/2010,4.205850829,386
02/02/2010,4.199266953,385
03/02/2010,4.189455837,384
04/02/2010,4.181308272,383
05/02/2010,4.182572274,382
06/02/2010,4.187873007,381
07/02/2010,4.183715493,380
08/02/2010,4.174864814,379
09/02/2010,4.167894729,378
10/02/2010,4.158220063,377
11/02/2010,4.152264999,376
12/02/2010,4.149840967,375
13/02/2010,4.141933517,374
14/02/2010,4.143823156,373
15/02/2010,4.152774149,372
16/02/2010,4.159397244,371
17/02/2010,4.152520774,370
18/02/2010,4.155943511,369
19/02/2010,4.157075205,368
20/02/2010,4.147539662,367
21/02/2010,4.142138489,366
22/02/2010,4.147462726,365
23/02/2010,4.143259393,364
24/02/2010,4.151241657,363
25/02/2010,4.145283743,362
26/02/2010,4.139522954,361
27/02/2010,4.138495748,360
28/02/2010,4.134335541,359
01/03/2010,4.128352771,358
02/03/2010,4.118832892,357
03/03/2010,4.111812492,356
04/03/2010,4.10668222,355
05/03/2010,4.108747755,354
06/03/2010,4.1090978,353
07/03/2010,4.1126052,352
08/03/2010,4.112312605,351
09/03/2010,4.107053447,350
10/03/2010,4.112744157,349
11/03/2010,4.103327911,348
12/03/2010,4.097207634,347
13/03/2010,4.098854309,346
14/03/2010,4.094691421,345
15/03/2010,4.100709257,344
16/03/2010,4.09216747,343
17/03/2010,4.083036488,342
18/03/2010,4.083692864,341
19/03/2010,4.082543814,340
20/03/2010,4.085491756,339
21/03/2010,4.0864514,338
22/03/2010,4.084896516,337
23/03/2010,4.094047569,336
24/03/2010,4.085953565,335
25/03/2010,4.089321805,334
26/03/2010,4.089189683,333
27/03/2010,4.081340174,332
28/03/2010,4.08672194,331
29/03/2010,4.082729783,330
30/03/2010,4.073883528,329
31/03/2010,4.080065372,328
01/04/2010,4.089199584,327
02/04/2010,4.08413865,326
03/04/2010,4.082215573,325
04/04/2010,4.087786424,324
05/04/2010,4.082068207,323
06/04/2010,4.089243958,322
07/04/2010,4.096194257,321
08/04/2010,4.095058949,320
09/04/2010,4.104887305,319
10/04/2010,4.097471102,318
11/04/2010,4.092760077,317
12/04/2010,4.094917141,316
13/04/2010,4.100111065,315
14/04/2010,4.105991037,314
15/04/2010,4.108794205,313
16/04/2010,4.108131939,312
17/04/2010,4.109938,311
18/04/2010,4.108821683,310
19/04/2010,4.110876593,309
20/04/2010,4.105578659,308
21/04/2010,4.100829239,307
22/04/2010,4.099484707,306
23/04/2010,4.100095008,305
24/04/2010,4.099195342,304
25/04/2010,4.099448851,303
26/04/2010,4.098599524,302
27/04/2010,4.088864452,301
28/04/2010,4.090758426,300
29/04/2010,4.100471901,299
30/04/2010,4.098761632,298
01/05/2010,4.094539084,297
02/05/2010,4.089225983,296
03/05/2010,4.086838927,295
04/05/2010,4.083084509,294
05/05/2010,4.078562024,293
06/05/2010,4.071435452,292
07/05/2010,4.065173746,291
08/05/2010,4.055680823,290
09/05/2010,4.049649074,289
10/05/2010,4.043926869,288
11/05/2010,4.039084449,287
12/05/2010,4.03475629,286
13/05/2010,4.032902988,285
14/05/2010,4.02721957,284
15/05/2010,4.025037755,283
16/05/2010,4.021739137,282
17/05/2010,4.030638319,281
18/05/2010,4.032308131,280
19/05/2010,4.022501816,279
20/05/2010,4.014376095,278
21/05/2010,4.004674601,277
22/05/2010,3.996433918,276
23/05/2010,3.996411104,275
24/05/2010,4.003623821,274
25/05/2010,3.995581725,273
26/05/2010,4.004148782,272
27/05/2010,3.994323614,271
28/05/2010,3.989241694,270
29/05/2010,3.997298138,269
30/05/2010,3.99243688,268
31/05/2010,4.001947493,267
01/06/2010,3.996647566,266
02/06/2010,3.98997862,265
03/06/2010,3.996962665,264
04/06/2010,3.998169863,263
05/06/2010,3.996427848,262
06/06/2010,3.992991831,261
07/06/2010,3.999408619,260
08/06/2010,4.002348568,259
09/06/2010,4.006193013,258
10/06/2010,4.012773167,257
11/06/2010,4.006772533,256
12/06/2010,3.99744999,255
13/06/2010,3.997669904,254
14/06/2010,3.989858108,253
15/06/2010,3.998186968,252
16/06/2010,3.993322144,251
17/06/2010,3.990636943,250
18/06/2010,3.985564067,249
19/06/2010,3.992519552,248
20/06/2010,3.996160778,247
21/06/2010,4.000156795,246
22/06/2010,3.998633146,245
23/06/2010,3.99739177,244
24/06/2010,3.997526791,243
25/06/2010,4.006975826,242
26/06/2010,4.005661525,241
27/06/2010,4.000047241,240
28/06/2010,4.006246508,239
29/06/2010,4.009308796,238
30/06/2010,4.0012057,237
01/07/2010,4.000427826,236
02/07/2010,4.004585402,235
03/07/2010,3.999582841,234
04/07/2010,3.997910299,233
05/07/2010,3.998568268,232
06/07/2010,4.00042475,231
07/07/2010,4.004536028,230
08/07/2010,4.008827554,229
09/07/2010,4.008645046,228
10/07/2010,3.999883394,227
11/07/2010,3.996101966,226
12/07/2010,3.992957923,225
13/07/2010,3.990262528,224
14/07/2010,3.997695029,223
15/07/2010,3.989506445,222
16/07/2010,3.997298675,221
17/07/2010,3.996291751,220
18/07/2010,3.992085136,219
19/07/2010,3.997033386,218
20/07/2010,3.98856158,217
21/07/2010,3.985295766,216
22/07/2010,3.983513737,215
23/07/2010,3.982109202,214
24/07/2010,3.977754984,213
25/07/2010,3.97538547,212
26/07/2010,3.984733927,211
27/07/2010,3.983285464,210
28/07/2010,3.977530501,209
29/07/2010,3.983961977,208
30/07/2010,3.985164315,207
31/07/2010,3.986034459,206
01/08/2010,3.985441869,205
02/08/2010,3.976043779,204
03/08/2010,3.981797432,203
04/08/2010,3.981622431,202
05/08/2010,3.991428873,201
06/08/2010,4.001317932,200
07/08/2010,4.002340314,199
08/08/2010,4.006845965,198
09/08/2010,4.014736614,197
10/08/2010,4.006724318,196
11/08/2010,4.010720525,195
12/08/2010,4.011072254,194
13/08/2010,4.011763189,193
14/08/2010,4.017677196,192
15/08/2010,4.008482794,191
16/08/2010,4.008084042,190
17/08/2010,4.007397999,189
18/08/2010,3.999120677,188
19/08/2010,3.996973856,187
20/08/2010,3.99177234,186
21/08/2010,3.983578566,185
22/08/2010,3.983658258,184
23/08/2010,3.981011405,183
24/08/2010,3.987311064,182
25/08/2010,3.981592478,181
26/08/2010,3.977966431,180
27/08/2010,3.983078672,179
28/08/2010,3.988605177,178
29/08/2010,3.978901046,177
30/08/2010,3.973267975,176
31/08/2010,3.973808779,175
01/09/2010,3.968421738,174
02/09/2010,3.971737474,173
03/09/2010,3.970088998,172
04/09/2010,3.961113993,171
05/09/2010,3.954001532,170
06/09/2010,3.95249862,169
07/09/2010,3.958666897,168
08/09/2010,3.952758158,167
09/09/2010,3.96082338,166
10/09/2010,3.965009896,165
11/09/2010,3.96024726,164
12/09/2010,3.964905751,163
13/09/2010,3.973499242,162
14/09/2010,3.964986441,161
15/09/2010,3.957308482,160
16/09/2010,3.952000444,159
17/09/2010,3.9515229,158
18/09/2010,3.953617597,157
19/09/2010,3.948391199,156
20/09/2010,3.955212166,155
21/09/2010,3.953797563,154
22/09/2010,3.951676391,153
23/09/2010,3.959038858,152
24/09/2010,3.963179885,151
25/09/2010,3.968337042,150
26/09/2010,3.967576939,149
27/09/2010,3.966898414,148
28/09/2010,3.963260556,147
29/09/2010,3.955375258,146
30/09/2010,3.946454981,145
01/10/2010,3.953577452,144
02/10/2010,3.953271649,143
03/10/2010,3.947318418,142
04/10/2010,3.94456934,141
05/10/2010,3.937866524,140
06/10/2010,3.94277466,139
07/10/2010,3.942038944,138
08/10/2010,3.942132088,137
09/10/2010,3.936668727,136
10/10/2010,3.931350883,135
11/10/2010,3.934783836,134
12/10/2010,3.940328957,133
13/10/2010,3.932151285,132
14/10/2010,3.936701869,131
15/10/2010,3.941443205,130
16/10/2010,3.941933192,129
17/10/2010,3.950213855,128
18/10/2010,3.948713273,127
19/10/2010,3.953368297,126
20/10/2010,3.947406533,125
21/10/2010,3.946900242,124
22/10/2010,3.942219912,123
23/10/2010,3.939127218,122
24/10/2010,3.931096193,121
25/10/2010,3.933264355,120
26/10/2010,3.934173986,119
27/10/2010,3.937923509,118
28/10/2010,3.939710605,117
29/10/2010,3.949167475,116
30/10/2010,3.94595687,115
31/10/2010,3.945387291,114
01/11/2010,3.944830633,113
02/11/2010,3.937399526,112
03/11/2010,3.9467683,111
04/11/2010,3.952028898,110
05/11/2010,3.957710129,109
06/11/2010,3.963346186,108
07/11/2010,3.955848441,107
08/11/2010,3.956398707,106
09/11/2010,3.948591961,105
10/11/2010,3.948845458,104
11/11/2010,3.954442985,103
12/11/2010,3.947770146,102
13/11/2010,3.946366113,101
14/11/2010,3.94448938,100
15/11/2010,3.934955613,99
16/11/2010,3.936874685,98
17/11/2010,3.940161772,97
18/11/2010,3.933586084,96
19/11/2010,3.941183089,95
20/11/2010,3.947079947,94
21/11/2010,3.955741608,93
22/11/2010,3.952977809,92
23/11/2010,3.951368378,91
24/11/2010,3.948541373,90
25/11/2010,3.947113975,89
26/11/2010,3.937602568,88
27/11/2010,3.936008748,87
28/11/2010,3.932639835,86
29/11/2010,3.936476942,85
30/11/2010,3.943536943,84
01/12/2010,3.943226752,83
02/12/2010,3.947897148,82
03/12/2010,3.947748022,81
04/12/2010,3.945759507,80
05/12/2010,3.93833859,79
06/12/2010,3.944640439,78
07/12/2010,3.947949153,77
08/12/2010,3.949599778,76
09/12/2010,3.946111099,75
10/12/2010,3.944072154,74
11/12/2010,3.94304285,73
12/12/2010,3.944590386,72
13/12/2010,3.953028194,71
14/12/2010,3.959271265,70
15/12/2010,3.950895653,69
16/12/2010,3.950237191,68
17/12/2010,3.948331445,67
18/12/2010,3.947194241,66
19/12/2010,3.952279954,65
20/12/2010,3.95693663,64
21/12/2010,3.953725087,63
22/12/2010,3.95754809,62
23/12/2010,3.962109492,61
24/12/2010,3.959002727,60
25/12/2010,3.9671721,59
26/12/2010,3.964429801,58
27/12/2010,3.961964687,57
28/12/2010,3.960371811,56
29/12/2010,3.952945649,55
30/12/2010,3.962452998,54
31/12/2010,3.958872519,53
01/01/2011,3.959602702,52
02/01/2011,3.962510128,51
03/01/2011,3.959595994,50
04/01/2011,3.954066215,49
05/01/2011,3.954124393,48
06/01/2011,3.951554784,47
07/01/2011,3.947544581,46
08/01/2011,3.954481495,45
09/01/2011,3.961986441,44
10/01/2011,3.961915817,43
11/01/2011,3.95824223,42
12/01/2011,3.965748537,41
13/01/2011,3.963339925,40
14/01/2011,3.957590848,39
15/01/2011,3.963570149,38
16/01/2011,3.962205565,37
17/01/2011,3.95477821,36
18/01/2011,3.959010756,35
19/01/2011,3.965140023,34
20/01/2011,3.963972276,33
21/01/2011,3.972986319,32
22/01/2011,3.971716635,31
23/01/2011,3.976772781,30
24/01/2011,3.985081745,29
25/01/2011,3.981211353,28
26/01/2011,3.975900524,27
27/01/2011,3.972040351,26
28/01/2011,3.974557175,25
29/01/2011,3.984254636,24
30/01/2011,3.98525738,23
31/01/2011,3.975732494,22
01/02/2011,3.969424209,21
02/02/2011,3.975083288,20
03/02/2011,3.966479756,19
04/02/2011,3.970042074,18
05/02/2011,3.968466912,17
06/02/2011,3.96311891,16
07/02/2011,3.967994739,15
08/02/2011,3.964467268,14
09/02/2011,3.964052871,13
10/02/2011,3.955105624,12
11/02/2011,3.950362353,11
12/02/2011,3.959032983,10
13/02/2011,3.967137769,9
14/02/2011,3.959965419,8
15/02/2011,3.950776418,7
16/02/2011,3.959739137,6
17/02/2011,3.959478825,5
18/02/2011,3.952219958,4
19/02/2011,3.947211115,3
20/02/2011,3.940970758,2
21/02/2011,3.947980324,1
22/02/2011,3.95669304,0
